{"cameraMode":{"drawMode":0,"name":"Shaded","section":"Shading Mode"},"sceneLighting":true,"audioPlay":false,"sceneViewState":{"m_AlwaysRefresh":false,"showFog":true,"showSkybox":true,"showFlares":true,"showImageEffects":true,"showParticleSystems":true,"showVisualEffectGraphs":true,"m_FxEnabled":true},"in2DMode":false,"pivot":{"x":1.1446510553359986,"y":10.866683959960938,"z":9.898453712463379},"rotation":{"x":-0.04710554704070091,"y":0.8416790962219238,"z":0.0744209736585617,"w":0.5327464938163757},"size":2.5935184955596926,"orthographic":false}